[
  {
    "id": "",
    "name": "",
    "contactNumber": "",
    "city": "",
    "landmark": "",
    "street": "",
    "state": "",
    "zipcode": "",
    "user": null
  },
  {
    "id": "66e040175f572701b18a0a2f",
    "name": "SomeAddress",
    "contactNumber": "123324234234",
    "city": "Delhi",
    "landmark": "Dilli Haat",
    "street": "Some Street",
    "state": "Delhi",
    "zipcode": "123456",
    "user": null
  },
  {
    "id": "66eb124a61dbd3610b5448a4",
    "name": "rohit roy",
    "contactNumber": "99234234",
    "city": "Navi Mumbai",
    "landmark": "Jannat mannat",
    "street": "rich Street1",
    "state": "Mumbai",
    "zipcode": "99999",
    "user": null
  },
  {
    "id": "67002480eed55203f1c96472",
    "name": "SomeA",
    "contactNumber": "00000888999",
    "city": "bangalore",
    "landmark": "Dilli Haat",
    "street": "Some Street",
    "state": "karnataka",
    "zipcode": "400208",
    "user": "66ef0c96d350132d6beec0b4"
  },
  {
    "id": "670026330159b107f0ba3780",
    "name": "Address",
    "contactNumber": "1233234",
    "city": "Delhi",
    "landmark": "Dilli Haat",
    "street": "Some Street",
    "state": "Delhi",
    "zipcode": "12345666",
    "user": "66e03bcae20d792607d31f97"
  },
  {
    "id": "670159566fb8752e703de790",
    "name": "Mariah",
    "contactNumber": "123456",
    "city": "Aluva1",
    "landmark": "dsdsds",
    "street": "Bye lane 11 ",
    "state": "zzxz",
    "zipcode": "1212211",
    "user": "66e03bcae20d792607d31f97"
  },
  {
    "id": "67016e4f8c83f3384fb23f28",
    "name": "",
    "contactNumber": "",
    "city": "",
    "landmark": "",
    "street": "",
    "state": "",
    "zipcode": "",
    "user": "66e03bcae20d792607d31f97"
  },
  {
    "id": "6705067a50a4f058652090c3",
    "name": "SomeAddress",
    "contactNumber": "1234567890",
    "city": "Delhi",
    "landmark": "Dilli Haat",
    "street": "Some Street",
    "state": "Delhi",
    "zipcode": "123456",
    "user": null
  },
  {
    "id": "6705099b71920965212f170e",
    "name": "SomeNewAddress",
    "contactNumber": "9876543210",
    "city": "Mumbai",
    "landmark": "Marol Naka Metro Station",
    "street": "Marol Naka",
    "state": "Maharashtra",
    "zipcode": "400059",
    "user": "66ff8d9feed55203f1c96466"
  },
  {
    "id": "67050ef871920965212f1711",
    "name": "SomeAnotherAddress",
    "contactNumber": "9988776655",
    "city": "Indore",
    "landmark": "Pohe Wala",
    "street": "MG Road",
    "state": "Madhya Pradesh",
    "zipcode": "123456",
    "user": "66ff8d9feed55203f1c96466"
  },
  {
    "id": "6706108f6869f2720a11562b",
    "name": "tania",
    "contactNumber": "126666634234",
    "city": "pala",
    "landmark": "cght",
    "street": "kottatt",
    "state": "kerala",
    "zipcode": "123456",
    "user": "66e03bcae20d792607d31f97"
  },
  {
    "id": "670616ce6869f2720a11562c",
    "name": "testsuccess",
    "contactNumber": "44343434",
    "city": "Aluva",
    "landmark": "Near samskara junction ",
    "street": "Bye lane 11 ",
    "state": "ZXZ",
    "zipcode": "45454",
    "user": "66e03bcae20d792607d31f97"
  },
  {
    "id": "6707812e9b9cba0192961e05",
    "name": "seetha",
    "contactNumber": "234",
    "city": "pune",
    "landmark": "near bank city",
    "street": "jakanwaq",
    "state": "delhi",
    "zipcode": "876543",
    "user": "66e03bcae20d792607d31f97"
  },
  {
    "id": "6707a5dc9b9cba0192961e0d",
    "name": "NewAddress",
    "contactNumber": "1122334455",
    "city": "Delhi",
    "landmark": "Dilli Haat",
    "street": "Some Street",
    "state": "Delhi",
    "zipcode": "123456",
    "user": "6707853c9b9cba0192961e0a"
  },
  {
    "id": "6707ae2e611a6467f7c05f94",
    "name": "LatestAddress",
    "contactNumber": "12345678",
    "city": "Delhi",
    "landmark": "Dilli Haat",
    "street": "MG Street",
    "state": "Delhi",
    "zipcode": "654321",
    "user": null
  },
  {
    "id": "6707bd369b9cba0192961e0e",
    "name": "HomeAddress",
    "contactNumber": "1234567908",
    "city": "Delhi",
    "landmark": "Dilli Haat",
    "street": "MG Street",
    "state": "Delhi",
    "zipcode": "654321",
    "user": null
  },
  {
    "id": "6709602edca72533ee7e4cee",
    "name": "Rmn Address",
    "contactNumber": "9999999990",
    "city": "Mumbai",
    "landmark": "Sapno ka mall",
    "street": "Sapno ka nagar",
    "state": "Sapna Nagri state",
    "zipcode": "777777",
    "user": "66e03bcae20d792607d31f97"
  },
  {
    "id": "67096265c82c184b2f24a4ee",
    "name": "raj",
    "contactNumber": "9999999999",
    "city": "kerala",
    "landmark": "lake",
    "street": "lake road",
    "state": "kerala",
    "zipcode": "600000",
    "user": "66e03bcae20d792607d31f97"
  },
  {
    "id": "670a5917f7e88f41a7a97c42",
    "name": "YKTestAddress",
    "contactNumber": "123456789",
    "city": "Kolkata",
    "landmark": "Kolkata",
    "street": "D-893",
    "state": "Kolkata",
    "zipcode": "110042",
    "user": "670a4b620e6b0f060ac0e370"
  },
  {
    "id": "670d486f10f13325234872aa",
    "name": "sdcsdvsdsdvds",
    "contactNumber": "sdvsdvdsvv",
    "city": "kjbsdjvlvj",
    "landmark": "klfdnvdfvdb",
    "street": "lksdnvklvklv",
    "state": "/klnndklnvkln",
    "zipcode": "202566",
    "user": "670d481c2ccc623e0bd3799a"
  },
  {
    "id": "670e59803060284811426592",
    "name": "Chirag",
    "contactNumber": "9099099999`",
    "city": "Surat",
    "landmark": "Modern town",
    "street": "City light",
    "state": "Gujarat",
    "zipcode": "395001",
    "user": "66e03cc9e20d792607d31f9a"
  },
  {
    "id": "670f89bf23cc3d357785404b",
    "name": "sasiram beeke",
    "contactNumber": "8600412962",
    "city": "loni",
    "landmark": "near pmt hospital",
    "street": "loni bk ",
    "state": "ahemadnagar",
    "zipcode": "413736",
    "user": "670f88ed23cc3d357785404a"
  },
  {
    "id": "67162e22fe05957a983114de",
    "name": "NewAddress",
    "contactNumber": "1122334456",
    "city": "Delhi",
    "landmark": "Dilli Haat",
    "street": "Some Street",
    "state": "Delhi",
    "zipcode": "123456",
    "user": "6707853c9b9cba0192961e0a"
  },
  {
    "id": "671637defe05957a983114df",
    "name": "Bhanugoban",
    "contactNumber": "78908768",
    "city": "Mumbai",
    "landmark": "Metro",
    "street": "sass",
    "state": "Maharastr",
    "zipcode": "2344",
    "user": "6707853c9b9cba0192961e0a"
  },
  {
    "id": "6716385e331d466bed289bc2",
    "name": "Bhau",
    "contactNumber": "789087684",
    "city": "Mumbai",
    "landmark": "Metro",
    "street": "sass",
    "state": "Maharastr",
    "zipcode": "23444",
    "user": "6707853c9b9cba0192961e0a"
  },
  {
    "id": "67163901fe05957a983114e3",
    "name": "Bh",
    "contactNumber": "78908768qq",
    "city": "Mumbai",
    "landmark": "ss",
    "street": "sass",
    "state": "ss",
    "zipcode": "2344489",
    "user": "6707853c9b9cba0192961e0a"
  },
  {
    "id": "67163931fe05957a983114e4",
    "name": "Bh",
    "contactNumber": "78908768qqw",
    "city": "Mumbai",
    "landmark": "ss",
    "street": "sass",
    "state": "ss",
    "zipcode": "2344480",
    "user": "6707853c9b9cba0192961e0a"
  },
  {
    "id": "67163957fe05957a983114e5",
    "name": "Bh",
    "contactNumber": "78908768qqw2",
    "city": "Mumbai",
    "landmark": "ss",
    "street": "sass",
    "state": "ss",
    "zipcode": "23444801",
    "user": "6707853c9b9cba0192961e0a"
  },
  {
    "id": "6716399b331d466bed289bc3",
    "name": "Bh",
    "contactNumber": "78908768qqw24",
    "city": "Mumbai",
    "landmark": "ss",
    "street": "sass",
    "state": "ss",
    "zipcode": "234448010",
    "user": "6707853c9b9cba0192961e0a"
  },
  {
    "id": "671639e9fe05957a983114e7",
    "name": "Bh",
    "contactNumber": "78908768qqw245",
    "city": "Mumbai",
    "landmark": "ss",
    "street": "sass",
    "state": "ss",
    "zipcode": "2344480109",
    "user": "6707853c9b9cba0192961e0a"
  },
  {
    "id": "67163a23fe05957a983114e8",
    "name": "Bh",
    "contactNumber": "78908768qqw2453",
    "city": "Mumbai",
    "landmark": "ss",
    "street": "sass",
    "state": "ss",
    "zipcode": "23444801091",
    "user": "6707853c9b9cba0192961e0a"
  },
  {
    "id": "67168304331d466bed289bc8",
    "name": "Home Q2",
    "contactNumber": "111",
    "city": "Sarja",
    "landmark": "aaa",
    "street": "aaa",
    "state": "aaa",
    "zipcode": "111",
    "user": "66e03bcae20d792607d31f97"
  },
  {
    "id": "67169f07331d466bed289bc9",
    "name": "test ddd",
    "contactNumber": "11",
    "city": "s",
    "landmark": "s",
    "street": "s",
    "state": "s",
    "zipcode": "1",
    "user": "66e03bcae20d792607d31f97"
  },
  {
    "id": "6716a8ec331d466bed289bcf",
    "name": "NewAdd",
    "contactNumber": "1",
    "city": "1",
    "landmark": "1",
    "street": "1",
    "state": "1",
    "zipcode": "1",
    "user": "66e03bcae20d792607d31f97"
  },
  {
    "id": "67208aad6943ce7a5847f561",
    "name": "SomeAddress12",
    "contactNumber": "1233242342",
    "city": "Delhi",
    "landmark": "Dilli ",
    "street": "Some ",
    "state": "Delhi",
    "zipcode": "123456",
    "user": "66e03bcae20d792607d31f97"
  },
  {
    "id": "6720a76e1fdd6e1d214d9328",
    "name": "ganeshbabu gajent",
    "contactNumber": "09663895384",
    "city": "Hoskote",
    "landmark": "dd",
    "street": "318 2nd main 6th cross",
    "state": "Karnataka",
    "zipcode": "562114",
    "user": "6720a7501fdd6e1d214d9327"
  },
  {
    "id": "6720ad826943ce7a5847f56b",
    "name": "ganeshbabu",
    "contactNumber": "d",
    "city": "d",
    "landmark": "d",
    "street": "d",
    "state": "d",
    "zipcode": "222",
    "user": "6720a7501fdd6e1d214d9327"
  },
  {
    "id": "672b92c1bad891642ca500fc",
    "name": "Jane",
    "contactNumber": "9182736455",
    "city": "Mumbai",
    "landmark": "McDonalds",
    "street": "Andheri West",
    "state": "Maharashtra",
    "zipcode": "400059",
    "user": "670f687a23cc3d3577854047"
  },
  {
    "id": "672c7af7e69aa133ea1d8cc6",
    "name": "Deekshith Raj Basa",
    "contactNumber": "07095977639",
    "city": "hyderabad",
    "landmark": "23234",
    "street": "maisammaguda",
    "state": "telangana",
    "zipcode": "500014",
    "user": "672c79403c765c3db9cd081b"
  },
  {
    "id": "672ca3a23c765c3db9cd081d",
    "name": "Office",
    "contactNumber": "9899772595",
    "city": "Manchester City",
    "landmark": "",
    "street": "123 Bakers Street",
    "state": "London",
    "zipcode": "110001",
    "user": "672c8acae69aa133ea1d8cca"
  },
  {
    "id": "672cf56c3c765c3db9cd0829",
    "name": "Sreelekha",
    "contactNumber": "8790094051",
    "city": "Bangalore",
    "landmark": "",
    "street": "Street1",
    "state": "Karnataka",
    "zipcode": "560068",
    "user": "672ced6be69aa133ea1d8ccd"
  },
  {
    "id": "672d0b93e69aa133ea1d8cd0",
    "name": "test",
    "contactNumber": "9012345678",
    "city": "test",
    "landmark": "test",
    "street": "test",
    "state": "test",
    "zipcode": "393010",
    "user": "672d0b3a3c765c3db9cd0833"
  },
  {
    "id": "672d1396e69aa133ea1d8cd2",
    "name": "kwefg ",
    "contactNumber": "2324",
    "city": "hyderabad",
    "landmark": "24234",
    "street": "maisammaguda",
    "state": "telangana",
    "zipcode": "500014",
    "user": "672c79403c765c3db9cd081b"
  },
  {
    "id": "672d14783c765c3db9cd0835",
    "name": "Dinesh Yop",
    "contactNumber": "09999999999",
    "city": "GHMC",
    "landmark": "3423",
    "street": "Muncipality",
    "state": "Telangana",
    "zipcode": "503445",
    "user": "672c79403c765c3db9cd081b"
  },
  {
    "id": "672d2453e69aa133ea1d8cd5",
    "name": "ajeeeb ",
    "contactNumber": "66757373",
    "city": "ajeeeb ",
    "landmark": "ajeeeb ",
    "street": "ajeeeb ",
    "state": "ajeeeb ",
    "zipcode": "232323",
    "user": "66e03bcae20d792607d31f97"
  },
  {
    "id": "6730b96b03d21358b5f507ea",
    "name": "Walter White",
    "contactNumber": "9119119110",
    "city": "Albuquerque",
    "landmark": "",
    "street": "308 nagra oroyo lane",
    "state": "New Mexico",
    "zipcode": "560101",
    "user": "672caba93c765c3db9cd0822"
  }
]
