[
  {
    "id": "66e04215e20d792607d31f9d",
    "quantity": 5,
    "user": "66e03bcae20d792607d31f97",
    "product": null,
    "address": "66e040175f572701b18a0a2f"
  },
  {
    "id": "66eb170461dbd3610b5448a5",
    "quantity": 5,
    "user": "66eb08976fa4d67bc6904b17",
    "product": null,
    "address": "66e040175f572701b18a0a2f"
  },
  {
    "id": "66eb171161dbd3610b5448a6",
    "quantity": 1,
    "user": "66eb08976fa4d67bc6904b17",
    "product": null,
    "address": "66e040175f572701b18a0a2f"
  },
  {
    "id": "67050d8f71920965212f170f",
    "quantity": 5,
    "user": "66ff8d9feed55203f1c96466",
    "product": "670505df50a4f058652090c1",
    "address": "6705067a50a4f058652090c3"
  },
  {
    "id": "6706546fa83ae96d7ee5daf9",
    "quantity": 5,
    "user": "66e03bcae20d792607d31f97",
    "product": null,
    "address": "6706108f6869f2720a11562b"
  },
  {
    "id": "6706a99f6869f2720a115633",
    "quantity": 5,
    "user": "66e03bcae20d792607d31f97",
    "product": null,
    "address": "6706108f6869f2720a11562b"
  },
  {
    "id": "6706adb16869f2720a115634",
    "quantity": 1,
    "user": "66e03bcae20d792607d31f97",
    "product": null,
    "address": "670159566fb8752e703de790"
  },
  {
    "id": "6706aef7a83ae96d7ee5dafa",
    "quantity": 1,
    "user": "66e03bcae20d792607d31f97",
    "product": null,
    "address": "66eb124a61dbd3610b5448a4"
  },
  {
    "id": "6706af39a83ae96d7ee5dafb",
    "quantity": 1,
    "user": "66e03bcae20d792607d31f97",
    "product": null,
    "address": "6705099b71920965212f170e"
  },
  {
    "id": "6706af7ca83ae96d7ee5dafc",
    "quantity": 1,
    "user": "66e03bcae20d792607d31f97",
    "product": null,
    "address": "66eb124a61dbd3610b5448a4"
  },
  {
    "id": "6706b014a83ae96d7ee5dafd",
    "quantity": 1,
    "user": "66e03bcae20d792607d31f97",
    "product": null,
    "address": "670159566fb8752e703de790"
  },
  {
    "id": "6706b05c6869f2720a115635",
    "quantity": 2,
    "user": "66e03bcae20d792607d31f97",
    "product": null,
    "address": "66eb124a61dbd3610b5448a4"
  },
  {
    "id": "6706b0e36869f2720a115636",
    "quantity": 1,
    "user": "66e03bcae20d792607d31f97",
    "product": null,
    "address": "670159566fb8752e703de790"
  },
  {
    "id": "6706b0f26869f2720a115637",
    "quantity": 1,
    "user": "66e03bcae20d792607d31f97",
    "product": null,
    "address": "66eb124a61dbd3610b5448a4"
  },
  {
    "id": "6706b1a7a83ae96d7ee5dafe",
    "quantity": 1,
    "user": "66e03bcae20d792607d31f97",
    "product": null,
    "address": "66eb124a61dbd3610b5448a4"
  },
  {
    "id": "67077b5f9b9cba0192961e04",
    "quantity": 3,
    "user": "66e03bcae20d792607d31f97",
    "product": null,
    "address": "670159566fb8752e703de790"
  },
  {
    "id": "6707813d9b9cba0192961e06",
    "quantity": 1,
    "user": "66e03bcae20d792607d31f97",
    "product": null,
    "address": "6707812e9b9cba0192961e05"
  },
  {
    "id": "670786269b9cba0192961e0b",
    "quantity": 1,
    "user": "66e03bcae20d792607d31f97",
    "product": null,
    "address": "670616ce6869f2720a11562c"
  },
  {
    "id": "6707b017611a6467f7c05f95",
    "quantity": 5,
    "user": "6707853c9b9cba0192961e0a",
    "product": null,
    "address": "6707ae2e611a6467f7c05f94"
  },
  {
    "id": "6707bdac611a6467f7c05f9a",
    "quantity": 5,
    "user": "6707bc88611a6467f7c05f98",
    "product": "6707bce0611a6467f7c05f99",
    "address": "6707bd369b9cba0192961e0e"
  },
  {
    "id": "67091162c82c184b2f24a4e2",
    "quantity": 1,
    "user": "66e03bcae20d792607d31f97",
    "product": null,
    "address": "670159566fb8752e703de790"
  },
  {
    "id": "670911d6c82c184b2f24a4e3",
    "quantity": 1,
    "user": "66e03bcae20d792607d31f97",
    "product": "670505df50a4f058652090c1",
    "address": "67002480eed55203f1c96472"
  },
  {
    "id": "67091393c82c184b2f24a4e4",
    "quantity": 5,
    "user": "66e03bcae20d792607d31f97",
    "product": null,
    "address": "670026330159b107f0ba3780"
  },
  {
    "id": "670919cddca72533ee7e4ce1",
    "quantity": 1,
    "user": "66e03bcae20d792607d31f97",
    "product": null,
    "address": "670026330159b107f0ba3780"
  },
  {
    "id": "67091c41dca72533ee7e4ce2",
    "quantity": 1,
    "user": "66e03bcae20d792607d31f97",
    "product": null,
    "address": "670026330159b107f0ba3780"
  },
  {
    "id": "67091cc9dca72533ee7e4ce3",
    "quantity": 1,
    "user": "66e03bcae20d792607d31f97",
    "product": null,
    "address": "670026330159b107f0ba3780"
  },
  {
    "id": "67091ceddca72533ee7e4ce4",
    "quantity": 1,
    "user": "66e03bcae20d792607d31f97",
    "product": null,
    "address": "670026330159b107f0ba3780"
  },
  {
    "id": "67091cf6dca72533ee7e4ce5",
    "quantity": 100000,
    "user": "66e03bcae20d792607d31f97",
    "product": null,
    "address": "670026330159b107f0ba3780"
  },
  {
    "id": "67091cfedca72533ee7e4ce6",
    "quantity": 100000,
    "user": "66e03bcae20d792607d31f97",
    "product": null,
    "address": "670026330159b107f0ba3780"
  },
  {
    "id": "67091d05dca72533ee7e4ce7",
    "quantity": 100000,
    "user": "66e03bcae20d792607d31f97",
    "product": null,
    "address": "670026330159b107f0ba3780"
  },
  {
    "id": "67091d24c82c184b2f24a4e5",
    "quantity": 10,
    "user": "66e03bcae20d792607d31f97",
    "product": "670505df50a4f058652090c1",
    "address": "670026330159b107f0ba3780"
  },
  {
    "id": "67091f0adca72533ee7e4ce8",
    "quantity": 10,
    "user": "66e03bcae20d792607d31f97",
    "product": "670505df50a4f058652090c1",
    "address": "670026330159b107f0ba3780"
  },
  {
    "id": "67092a52c82c184b2f24a4e6",
    "quantity": 1,
    "user": "66e03bcae20d792607d31f97",
    "product": null,
    "address": "670026330159b107f0ba3780"
  },
  {
    "id": "67094080c82c184b2f24a4e7",
    "quantity": 1,
    "user": "66e03bcae20d792607d31f97",
    "product": null,
    "address": "67002480eed55203f1c96472"
  },
  {
    "id": "6709408fdca72533ee7e4ce9",
    "quantity": 1,
    "user": "66e03bcae20d792607d31f97",
    "product": null,
    "address": "6705099b71920965212f170e"
  },
  {
    "id": "670940a9dca72533ee7e4cea",
    "quantity": 1,
    "user": "66e03bcae20d792607d31f97",
    "product": null,
    "address": "67002480eed55203f1c96472"
  },
  {
    "id": "67094412dca72533ee7e4ceb",
    "quantity": 1,
    "user": "66e03bcae20d792607d31f97",
    "product": null,
    "address": "6705099b71920965212f170e"
  },
  {
    "id": "67094486c82c184b2f24a4e8",
    "quantity": 1,
    "user": "66e03bcae20d792607d31f97",
    "product": null,
    "address": "670026330159b107f0ba3780"
  },
  {
    "id": "6709525ec82c184b2f24a4ea",
    "quantity": 1,
    "user": "66e03bcae20d792607d31f97",
    "product": null,
    "address": "670159566fb8752e703de790"
  },
  {
    "id": "67096173c82c184b2f24a4eb",
    "quantity": 5,
    "user": "66e03bcae20d792607d31f97",
    "product": null,
    "address": "6709602edca72533ee7e4cee"
  },
  {
    "id": "670961dec82c184b2f24a4ec",
    "quantity": 1,
    "user": "66e03bcae20d792607d31f97",
    "product": null,
    "address": "6709602edca72533ee7e4cee"
  },
  {
    "id": "670961fcc82c184b2f24a4ed",
    "quantity": 1,
    "user": "66e03bcae20d792607d31f97",
    "product": null,
    "address": "6709602edca72533ee7e4cee"
  },
  {
    "id": "67096275dca72533ee7e4cef",
    "quantity": 1,
    "user": "66e03bcae20d792607d31f97",
    "product": null,
    "address": "67096265c82c184b2f24a4ee"
  },
  {
    "id": "6709659ac82c184b2f24a4f0",
    "quantity": 1,
    "user": "66e03bcae20d792607d31f97",
    "product": "67096581c82c184b2f24a4ef",
    "address": "67096265c82c184b2f24a4ee"
  },
  {
    "id": "670967a5c82c184b2f24a4f1",
    "quantity": 1,
    "user": "66e03bcae20d792607d31f97",
    "product": null,
    "address": "67050ef871920965212f1711"
  },
  {
    "id": "6709681adca72533ee7e4cf2",
    "quantity": 1,
    "user": "66e03bcae20d792607d31f97",
    "product": null,
    "address": "67050ef871920965212f1711"
  },
  {
    "id": "67096a67dca72533ee7e4cf3",
    "quantity": 1,
    "user": "66e03bcae20d792607d31f97",
    "product": null,
    "address": "67002480eed55203f1c96472"
  },
  {
    "id": "67096d45c82c184b2f24a4f2",
    "quantity": 1,
    "user": "66e03bcae20d792607d31f97",
    "product": null,
    "address": "67050ef871920965212f1711"
  },
  {
    "id": "670a20eb0e6b0f060ac0e369",
    "quantity": 1,
    "user": "66e03bcae20d792607d31f97",
    "product": null,
    "address": "6705099b71920965212f170e"
  },
  {
    "id": "670a2140f7e88f41a7a97c3a",
    "quantity": 1,
    "user": "66e03bcae20d792607d31f97",
    "product": null,
    "address": "6705099b71920965212f170e"
  },
  {
    "id": "670a22eff7e88f41a7a97c3b",
    "quantity": 1,
    "user": "66e03bcae20d792607d31f97",
    "product": null,
    "address": "670026330159b107f0ba3780"
  },
  {
    "id": "670a2890f7e88f41a7a97c3c",
    "quantity": 4,
    "user": "66e03bcae20d792607d31f97",
    "product": null,
    "address": "67050ef871920965212f1711"
  },
  {
    "id": "670a2a93f7e88f41a7a97c3d",
    "quantity": 5,
    "user": "66e03bcae20d792607d31f97",
    "product": null,
    "address": "670159566fb8752e703de790"
  },
  {
    "id": "670a44560e6b0f060ac0e36b",
    "quantity": 4,
    "user": "66e03bcae20d792607d31f97",
    "product": null,
    "address": "6705099b71920965212f170e"
  },
  {
    "id": "670a46990e6b0f060ac0e36c",
    "quantity": 4,
    "user": "66e03bcae20d792607d31f97",
    "product": null,
    "address": "6706108f6869f2720a11562b"
  },
  {
    "id": "670a46ab0e6b0f060ac0e36d",
    "quantity": 6,
    "user": "66e03bcae20d792607d31f97",
    "product": null,
    "address": "6705099b71920965212f170e"
  },
  {
    "id": "670a4d01f7e88f41a7a97c3e",
    "quantity": 3,
    "user": "66e03bcae20d792607d31f97",
    "product": null,
    "address": "67050ef871920965212f1711"
  },
  {
    "id": "670a4d1cf7e88f41a7a97c3f",
    "quantity": 4,
    "user": "66e03bcae20d792607d31f97",
    "product": null,
    "address": "67002480eed55203f1c96472"
  },
  {
    "id": "670a4d4af7e88f41a7a97c40",
    "quantity": 4,
    "user": "66e03bcae20d792607d31f97",
    "product": null,
    "address": "670616ce6869f2720a11562c"
  },
  {
    "id": "670a4d5b0e6b0f060ac0e371",
    "quantity": 4,
    "user": "66e03bcae20d792607d31f97",
    "product": null,
    "address": "6707812e9b9cba0192961e05"
  },
  {
    "id": "670a4fbc0e6b0f060ac0e372",
    "quantity": 4,
    "user": "66e03bcae20d792607d31f97",
    "product": null,
    "address": "67050ef871920965212f1711"
  },
  {
    "id": "670a55f90e6b0f060ac0e373",
    "quantity": 4,
    "user": "66e03bcae20d792607d31f97",
    "product": null,
    "address": "670026330159b107f0ba3780"
  },
  {
    "id": "670a58d30e6b0f060ac0e374",
    "quantity": 2,
    "user": "66e03bcae20d792607d31f97",
    "product": null,
    "address": "6706108f6869f2720a11562b"
  },
  {
    "id": "670a58e00e6b0f060ac0e375",
    "quantity": 2,
    "user": "66e03bcae20d792607d31f97",
    "product": null,
    "address": "6705067a50a4f058652090c3"
  },
  {
    "id": "670a5921f7e88f41a7a97c43",
    "quantity": 135,
    "user": "670a4b620e6b0f060ac0e370",
    "product": "67096581c82c184b2f24a4ef",
    "address": "670a5917f7e88f41a7a97c42"
  },
  {
    "id": "670a5b45f7e88f41a7a97c46",
    "quantity": 1,
    "user": "670a4b620e6b0f060ac0e370",
    "product": "670a5ad3f7e88f41a7a97c45",
    "address": "6706108f6869f2720a11562b"
  },
  {
    "id": "670aa3b0f7e88f41a7a97c4e",
    "quantity": 1,
    "user": "670aa32df7e88f41a7a97c4d",
    "product": null,
    "address": "66eb124a61dbd3610b5448a4"
  },
  {
    "id": "670cd6932ccc623e0bd3798d",
    "quantity": 1,
    "user": "66e03bcae20d792607d31f97",
    "product": "670cd5f310f133252348729a",
    "address": "6705099b71920965212f170e"
  },
  {
    "id": "670cd9b510f133252348729c",
    "quantity": 1,
    "user": "66e03bcae20d792607d31f97",
    "product": null,
    "address": "6706108f6869f2720a11562b"
  },
  {
    "id": "670cdde82ccc623e0bd37994",
    "quantity": 1,
    "user": "66e03bcae20d792607d31f97",
    "product": "670505df50a4f058652090c1",
    "address": "6707a5dc9b9cba0192961e0d"
  },
  {
    "id": "670ce05f2ccc623e0bd37995",
    "quantity": 55,
    "user": "66e03bcae20d792607d31f97",
    "product": "670cd54610f1332523487299",
    "address": "6706108f6869f2720a11562b"
  },
  {
    "id": "670d01142ccc623e0bd37996",
    "quantity": 2,
    "user": "66e03bcae20d792607d31f97",
    "product": "67096581c82c184b2f24a4ef",
    "address": "670616ce6869f2720a11562c"
  },
  {
    "id": "670d050a10f13325234872a4",
    "quantity": 4,
    "user": "66e03bcae20d792607d31f97",
    "product": "67096581c82c184b2f24a4ef",
    "address": "6705099b71920965212f170e"
  },
  {
    "id": "670d180c10f13325234872a5",
    "quantity": 10,
    "user": "66e03bcae20d792607d31f97",
    "product": null,
    "address": "670616ce6869f2720a11562c"
  },
  {
    "id": "670d255010f13325234872a7",
    "quantity": 1,
    "user": "66e03bcae20d792607d31f97",
    "product": null,
    "address": "670616ce6869f2720a11562c"
  },
  {
    "id": "670d256610f13325234872a8",
    "quantity": 1,
    "user": "66e03bcae20d792607d31f97",
    "product": null,
    "address": "6707a5dc9b9cba0192961e0d"
  },
  {
    "id": "670d258010f13325234872a9",
    "quantity": 2,
    "user": "66e03bcae20d792607d31f97",
    "product": null,
    "address": "67002480eed55203f1c96472"
  },
  {
    "id": "670d487f10f13325234872ab",
    "quantity": 1,
    "user": "670d481c2ccc623e0bd3799a",
    "product": null,
    "address": "6709602edca72533ee7e4cee"
  },
  {
    "id": "670d4b9710f13325234872ac",
    "quantity": 1,
    "user": "670d4b122ccc623e0bd3799d",
    "product": null,
    "address": "670159566fb8752e703de790"
  },
  {
    "id": "670df1eb306028481142657b",
    "quantity": 1,
    "user": "66e03bcae20d792607d31f97",
    "product": null,
    "address": "67002480eed55203f1c96472"
  },
  {
    "id": "670e1992306028481142657c",
    "quantity": 100,
    "user": "66e03bcae20d792607d31f97",
    "product": null,
    "address": "6709602edca72533ee7e4cee"
  },
  {
    "id": "670e306ae47d9f03aabaf7f2",
    "quantity": 1,
    "user": "66e03bcae20d792607d31f97",
    "product": null,
    "address": "670616ce6869f2720a11562c"
  },
  {
    "id": "670e306be47d9f03aabaf7f3",
    "quantity": 1,
    "user": "66e03bcae20d792607d31f97",
    "product": null,
    "address": "670616ce6869f2720a11562c"
  },
  {
    "id": "670e3398e47d9f03aabaf7f5",
    "quantity": 2,
    "user": "66e03bcae20d792607d31f97",
    "product": "67028dd0a987f12c70da77dd",
    "address": "6706108f6869f2720a11562b"
  },
  {
    "id": "670e39a7306028481142657d",
    "quantity": 5,
    "user": "66e03bcae20d792607d31f97",
    "product": null,
    "address": "670616ce6869f2720a11562c"
  },
  {
    "id": "670e3cbde47d9f03aabaf7f6",
    "quantity": 2,
    "user": "66e03bcae20d792607d31f97",
    "product": null,
    "address": "6707ae2e611a6467f7c05f94"
  },
  {
    "id": "670e3eb6306028481142657e",
    "quantity": 1,
    "user": "66e03bcae20d792607d31f97",
    "product": null,
    "address": "6705099b71920965212f170e"
  },
  {
    "id": "670e598d3060284811426593",
    "quantity": 1,
    "user": "66e03cc9e20d792607d31f9a",
    "product": null,
    "address": "670e59803060284811426592"
  },
  {
    "id": "670e7995e47d9f03aabaf811",
    "quantity": 1,
    "user": "66e03bcae20d792607d31f97",
    "product": null,
    "address": "6707a5dc9b9cba0192961e0d"
  },
  {
    "id": "670e7a9d306028481142659d",
    "quantity": 1,
    "user": "66e03bcae20d792607d31f97",
    "product": null,
    "address": "6706108f6869f2720a11562b"
  },
  {
    "id": "670e7af9306028481142659e",
    "quantity": 1,
    "user": "66e03bcae20d792607d31f97",
    "product": null,
    "address": "6706108f6869f2720a11562b"
  },
  {
    "id": "670e87d5e47d9f03aabaf812",
    "quantity": 1,
    "user": "66e03bcae20d792607d31f97",
    "product": null,
    "address": "670159566fb8752e703de790"
  },
  {
    "id": "670e8820e47d9f03aabaf813",
    "quantity": 1,
    "user": "66e03bcae20d792607d31f97",
    "product": null,
    "address": "6705099b71920965212f170e"
  },
  {
    "id": "670e8896e47d9f03aabaf814",
    "quantity": 1,
    "user": "66e03bcae20d792607d31f97",
    "product": null,
    "address": "6707a5dc9b9cba0192961e0d"
  },
  {
    "id": "670e8984e47d9f03aabaf815",
    "quantity": 3,
    "user": "66e03bcae20d792607d31f97",
    "product": null,
    "address": "670616ce6869f2720a11562c"
  },
  {
    "id": "670e8a1ce47d9f03aabaf816",
    "quantity": 1,
    "user": "66e03bcae20d792607d31f97",
    "product": null,
    "address": "6707bd369b9cba0192961e0e"
  },
  {
    "id": "670e8a33e47d9f03aabaf817",
    "quantity": 1,
    "user": "66e03bcae20d792607d31f97",
    "product": null,
    "address": "6706108f6869f2720a11562b"
  },
  {
    "id": "670ea1c9e47d9f03aabaf819",
    "quantity": 1,
    "user": "66e03bcae20d792607d31f97",
    "product": null,
    "address": "6707a5dc9b9cba0192961e0d"
  },
  {
    "id": "670ec11630602848114265ba",
    "quantity": 1,
    "user": "66e03bcae20d792607d31f97",
    "product": null,
    "address": "6707a5dc9b9cba0192961e0d"
  },
  {
    "id": "670ec19430602848114265bb",
    "quantity": 1,
    "user": "66e03bcae20d792607d31f97",
    "product": "67096581c82c184b2f24a4ef",
    "address": "6707812e9b9cba0192961e05"
  },
  {
    "id": "670ec241e47d9f03aabaf81a",
    "quantity": 1,
    "user": "66e03bcae20d792607d31f97",
    "product": null,
    "address": "6706108f6869f2720a11562b"
  },
  {
    "id": "670ec2bc30602848114265bc",
    "quantity": 1,
    "user": "66e03bcae20d792607d31f97",
    "product": null,
    "address": "67050ef871920965212f1711"
  },
  {
    "id": "670ec2fd30602848114265bd",
    "quantity": 1,
    "user": "66e03bcae20d792607d31f97",
    "product": null,
    "address": "670616ce6869f2720a11562c"
  },
  {
    "id": "670ec78e30602848114265be",
    "quantity": 1,
    "user": "67013b1c6fb8752e703de78c",
    "product": null,
    "address": "6707a5dc9b9cba0192961e0d"
  },
  {
    "id": "670ecc2ee47d9f03aabaf81b",
    "quantity": 1,
    "user": "66e03bcae20d792607d31f97",
    "product": null,
    "address": "6707a5dc9b9cba0192961e0d"
  },
  {
    "id": "670f3c7323cc3d3577854040",
    "quantity": 2,
    "user": "66e03bcae20d792607d31f97",
    "product": null,
    "address": "6705099b71920965212f170e"
  },
  {
    "id": "670f3db423cc3d3577854044",
    "quantity": 1,
    "user": "670f3d9223cc3d3577854043",
    "product": null,
    "address": "6706108f6869f2720a11562b"
  },
  {
    "id": "670f89d76b441604abca4d55",
    "quantity": 2,
    "user": "670f88ed23cc3d357785404a",
    "product": null,
    "address": "670f89bf23cc3d357785404b"
  },
  {
    "id": "670f8a0123cc3d357785404c",
    "quantity": 20,
    "user": "670f88ed23cc3d357785404a",
    "product": null,
    "address": "670159566fb8752e703de790"
  },
  {
    "id": "6710a8f0678189701ded7690",
    "quantity": 1,
    "user": "66e03bcae20d792607d31f97",
    "product": null,
    "address": "670026330159b107f0ba3780"
  },
  {
    "id": "6710afb5678189701ded7691",
    "quantity": 1,
    "user": "66e03bcae20d792607d31f97",
    "product": null,
    "address": "670026330159b107f0ba3780"
  },
  {
    "id": "67163ce4331d466bed289bc4",
    "quantity": 2,
    "user": "6707853c9b9cba0192961e0a",
    "product": null,
    "address": "66eb124a61dbd3610b5448a4"
  },
  {
    "id": "67163f57fe05957a983114e9",
    "quantity": 2,
    "user": "6707853c9b9cba0192961e0a",
    "product": null,
    "address": "670026330159b107f0ba3780"
  },
  {
    "id": "6716ba74331d466bed289bd0",
    "quantity": 5,
    "user": "66e03bcae20d792607d31f97",
    "product": null,
    "address": "6707bd369b9cba0192961e0e"
  },
  {
    "id": "6716badf331d466bed289bd1",
    "quantity": 2,
    "user": "66e03bcae20d792607d31f97",
    "product": null,
    "address": "6707bd369b9cba0192961e0e"
  },
  {
    "id": "6717113075e9e267016834bc",
    "quantity": 2,
    "user": "66e03bcae20d792607d31f97",
    "product": null,
    "address": "6707bd369b9cba0192961e0e"
  },
  {
    "id": "6717118f75e9e267016834bd",
    "quantity": 2,
    "user": "66e03bcae20d792607d31f97",
    "product": null,
    "address": "6707bd369b9cba0192961e0e"
  },
  {
    "id": "6717133275e9e267016834be",
    "quantity": 2,
    "user": "66e03bcae20d792607d31f97",
    "product": null,
    "address": "6707bd369b9cba0192961e0e"
  },
  {
    "id": "67175fe79dd1e672635e7e79",
    "quantity": 1,
    "user": "6707853c9b9cba0192961e0a",
    "product": null,
    "address": "670159566fb8752e703de790"
  },
  {
    "id": "6717da249dd1e672635e7e7e",
    "quantity": 2,
    "user": "66e03bcae20d792607d31f97",
    "product": "6717d9fe9dd1e672635e7e7d",
    "address": "6707bd369b9cba0192961e0e"
  },
  {
    "id": "6717dd3a75e9e267016834bf",
    "quantity": 2,
    "user": "66e03bcae20d792607d31f97",
    "product": "6717d9fe9dd1e672635e7e7d",
    "address": "67016e4f8c83f3384fb23f28"
  },
  {
    "id": "6718cc9b162b5a7ded803008",
    "quantity": 2,
    "user": "66e03bcae20d792607d31f97",
    "product": null,
    "address": "6707bd369b9cba0192961e0e"
  },
  {
    "id": "6718f47d162b5a7ded803009",
    "quantity": 2,
    "user": "66e03bcae20d792607d31f97",
    "product": "6707bce0611a6467f7c05f99",
    "address": "6707bd369b9cba0192961e0e"
  },
  {
    "id": "6718f746162b5a7ded80300a",
    "quantity": 1,
    "user": "66e03bcae20d792607d31f97",
    "product": null,
    "address": "6705067a50a4f058652090c3"
  },
  {
    "id": "671903c6e618a26a04f3237d",
    "quantity": 2,
    "user": "66e03bcae20d792607d31f97",
    "product": null,
    "address": "6707bd369b9cba0192961e0e"
  },
  {
    "id": "671905b0162b5a7ded80300f",
    "quantity": 1,
    "user": "66e03bcae20d792607d31f97",
    "product": "6707bce0611a6467f7c05f99",
    "address": "6707bd369b9cba0192961e0e"
  },
  {
    "id": "6720892d6943ce7a5847f55b",
    "quantity": 2,
    "user": "66e03cc9e20d792607d31f9a",
    "product": "670505df50a4f058652090c1",
    "address": "6705067a50a4f058652090c3"
  },
  {
    "id": "672089506943ce7a5847f55c",
    "quantity": 2,
    "user": "66e03cc9e20d792607d31f9a",
    "product": "670505df50a4f058652090c1",
    "address": "6705067a50a4f058652090c3"
  },
  {
    "id": "67208ac66943ce7a5847f562",
    "quantity": 2,
    "user": "66e03bcae20d792607d31f97",
    "product": "670505df50a4f058652090c1",
    "address": "6705067a50a4f058652090c3"
  },
  {
    "id": "6720ad8c6943ce7a5847f56c",
    "quantity": 1,
    "user": "6720a7501fdd6e1d214d9327",
    "product": "67028dd0a987f12c70da77dd",
    "address": "6720a76e1fdd6e1d214d9328"
  },
  {
    "id": "6720b08a1fdd6e1d214d9332",
    "quantity": 1,
    "user": "6720a7501fdd6e1d214d9327",
    "product": "6707bce0611a6467f7c05f99",
    "address": "6720a76e1fdd6e1d214d9328"
  },
  {
    "id": "6723a4c0ee540a3ab12d6f76",
    "quantity": 1,
    "user": "6720a7501fdd6e1d214d9327",
    "product": "67028dd0a987f12c70da77dd",
    "address": "66e040175f572701b18a0a2f"
  },
  {
    "id": "6723a623857a654d67e5801f",
    "quantity": 3,
    "user": "6720a7501fdd6e1d214d9327",
    "product": null,
    "address": "6720a76e1fdd6e1d214d9328"
  },
  {
    "id": "672b92f9bad891642ca500fd",
    "quantity": 1,
    "user": "670f687a23cc3d3577854047",
    "product": null,
    "address": "672b92c1bad891642ca500fc"
  },
  {
    "id": "672c7b093c765c3db9cd081c",
    "quantity": 2,
    "user": "672c79403c765c3db9cd081b",
    "product": null,
    "address": "66e040175f572701b18a0a2f"
  },
  {
    "id": "672c7b35e69aa133ea1d8cc7",
    "quantity": 2,
    "user": "672c79403c765c3db9cd081b",
    "product": null,
    "address": "66eb124a61dbd3610b5448a4"
  },
  {
    "id": "672ca5353c765c3db9cd081e",
    "quantity": 1,
    "user": "672c8acae69aa133ea1d8cca",
    "product": "670505df50a4f058652090c1",
    "address": "670026330159b107f0ba3780"
  },
  {
    "id": "672ca5853c765c3db9cd081f",
    "quantity": 1,
    "user": "672c8acae69aa133ea1d8cca",
    "product": "670505df50a4f058652090c1",
    "address": "670026330159b107f0ba3780"
  },
  {
    "id": "672cf53ce69aa133ea1d8ccf",
    "quantity": 2,
    "user": "672ced6be69aa133ea1d8ccd",
    "product": null,
    "address": "672c7af7e69aa133ea1d8cc6"
  },
  {
    "id": "672cf5813c765c3db9cd082a",
    "quantity": 2,
    "user": "672ced6be69aa133ea1d8ccd",
    "product": null,
    "address": "672cf56c3c765c3db9cd0829"
  },
  {
    "id": "672cfaf03c765c3db9cd082b",
    "quantity": 2,
    "user": "672ced6be69aa133ea1d8ccd",
    "product": null,
    "address": "66e040175f572701b18a0a2f"
  },
  {
    "id": "672cfdde3c765c3db9cd0830",
    "quantity": 2,
    "user": "672cfda23c765c3db9cd082f",
    "product": null,
    "address": "67002480eed55203f1c96472"
  },
  {
    "id": "672d0ba4e69aa133ea1d8cd1",
    "quantity": 1,
    "user": "672d0b3a3c765c3db9cd0833",
    "product": "67028dd0a987f12c70da77dd",
    "address": "672d0b93e69aa133ea1d8cd0"
  },
  {
    "id": "672d0ef63c765c3db9cd0834",
    "quantity": 2,
    "user": "672c79403c765c3db9cd081b",
    "product": "67028dd0a987f12c70da77dd",
    "address": "670159566fb8752e703de790"
  },
  {
    "id": "672d15da3c765c3db9cd0836",
    "quantity": 2,
    "user": "672c79403c765c3db9cd081b",
    "product": "67028dd0a987f12c70da77dd",
    "address": "67002480eed55203f1c96472"
  },
  {
    "id": "672d16963c765c3db9cd0837",
    "quantity": 2,
    "user": "672c79403c765c3db9cd081b",
    "product": null,
    "address": "670026330159b107f0ba3780"
  },
  {
    "id": "672d1ce7e69aa133ea1d8cd3",
    "quantity": 2,
    "user": "672d1ca53c765c3db9cd083a",
    "product": "670505df50a4f058652090c1",
    "address": "670026330159b107f0ba3780"
  },
  {
    "id": "672d245d3c765c3db9cd083f",
    "quantity": 2,
    "user": "66e03bcae20d792607d31f97",
    "product": "670505df50a4f058652090c1",
    "address": "672d2453e69aa133ea1d8cd5"
  },
  {
    "id": "672f89c4757bbe2e069770e8",
    "quantity": 1,
    "user": "672f7ca6757bbe2e069770e7",
    "product": "67028dd0a987f12c70da77dd",
    "address": "66e040175f572701b18a0a2f"
  },
  {
    "id": "6730b8f603d21358b5f507e8",
    "quantity": 1,
    "user": "672caba93c765c3db9cd0822",
    "product": "670505df50a4f058652090c1",
    "address": "670159566fb8752e703de790"
  },
  {
    "id": "6730b91203d21358b5f507e9",
    "quantity": 2,
    "user": "672caba93c765c3db9cd0822",
    "product": "6707bce0611a6467f7c05f99",
    "address": "6705067a50a4f058652090c3"
  },
  {
    "id": "6730b979ed78635ba6ec0697",
    "quantity": 1,
    "user": "672caba93c765c3db9cd0822",
    "product": "6707bce0611a6467f7c05f99",
    "address": "6730b96b03d21358b5f507ea"
  },
  {
    "id": "6730c5ee03d21358b5f507eb",
    "quantity": 1,
    "user": "672caba93c765c3db9cd0822",
    "product": "6707bce0611a6467f7c05f99",
    "address": "670026330159b107f0ba3780"
  },
  {
    "id": "6730c69f03d21358b5f507ec",
    "quantity": 12,
    "user": "672caba93c765c3db9cd0822",
    "product": "6707bce0611a6467f7c05f99",
    "address": "670159566fb8752e703de790"
  },
  {
    "id": "6730c8bf03d21358b5f507ee",
    "quantity": 1,
    "user": "672caba93c765c3db9cd0822",
    "product": "6707bce0611a6467f7c05f99",
    "address": "670026330159b107f0ba3780"
  },
  {
    "id": "6730ccb2ed78635ba6ec0698",
    "quantity": 1,
    "user": "672caba93c765c3db9cd0822",
    "product": "6707bce0611a6467f7c05f99",
    "address": "670026330159b107f0ba3780"
  },
  {
    "id": "67321596e2191e3d05038ecd",
    "quantity": 1,
    "user": "672caba93c765c3db9cd0822",
    "product": "6717d9fe9dd1e672635e7e7d",
    "address": "670159566fb8752e703de790"
  },
  {
    "id": "67321641e2191e3d05038ece",
    "quantity": 2,
    "user": "672caba93c765c3db9cd0822",
    "product": "6717d9fe9dd1e672635e7e7d",
    "address": "670159566fb8752e703de790"
  }
]
