[
    {
        "id": "67028dd0a987f12c70da77dd",
        "name": "Ladies Watch",
        "category": "Watches",
        "price": 1998.0,
        "description": "Its not a watch, its your partner.",
        "manufacturer": "Fastrack",
        "availableItems": 101,
        "imageUrl": "https://justintime.in/cdn/shop/files/AX5590.jpg"
    },
    {
        "id": "670505df50a4f058652090c1",
        "name": "Sports Shoes By Reebok12345",
        "category": "Shoes",
        "price": 5001.0,
        "description": "Its not a shoe, its your partner!",
        "manufacturer": "Reebok",
        "availableItems": 100,
        "imageUrl": "https://assets.myntassets.com/dpr_1.5,q_60,w_400,c_limit,fl_progressive/assets/images/30691989/2024/8/30/5845ba36-0d50-4220-b5cb-cea57ad594061724996530107-Reebok-Men-Sports-Shoes-8861724996529740-1.jpg"
    },
    {
        "id": "6707bce0611a6467f7c05f99",
        "name": "Sports Shoes By NIke",
        "category": "Shoes",
        "price": 500.0,
        "description": "Its not a shoe, its your partner",
        "manufacturer": "Reebok",
        "availableItems": 100,
        "imageUrl": "https://media.istockphoto.com/id/1350560575/photo/pair-of-blue-running-sneakers-on-white-background-isolated.jpg?s=612x612&w=0&k=20&c=A3w_a9q3Gz-tWkQL6K00xu7UHdN5LLZefzPDp-wNkSU="
    },
    {
        "id": "67096581c82c184b2f24a4ef",
        "name": "Microwave Oven",
        "category": "Cooking",
        "price": 20000.0,
        "description": "Microwave oven and multiple options",
        "manufacturer": "Philiips",
        "availableItems": 30,
        "imageUrl": "https://www.shutterstock.com/image-vector/microwave-oven-ad-3d-illustration-260nw-2138158675.jpg"
    },
    {
        "id": "670a5ad3f7e88f41a7a97c45",
        "name": "Iphone 16",
        "category": "electronics",
        "price": 165999.0,
        "description": "Iphone 16 new",
        "manufacturer": "Apple",
        "availableItems": 199,
        "imageUrl": "https://encrypted-tbn0.gstatic.com/images?q=tbn:ANd9GcRvwgIIx5_i00huFG3wWcmRnGcjDxQz4yAv2A&s"
    },
    {
        "id": "670cd54610f1332523487299",
        "name": "Davidoff Coolwater for women",
        "category": "Perfumes",
        "price": 4900.0,
        "description": "Coolest and sweet smelling perfume for women",
        "manufacturer": "Davidoff",
        "availableItems": 50,
        "imageUrl": "https://www.shutterstock.com/shutterstock/photos/1672526377/display_1500/stock-photo-brussels-belgium-january-davidoff-perfume-on-the-shop-display-for-sale-fragrance-created-1672526377.jpg"
    },
    {
        "id": "670cd5f310f133252348729a",
        "name": "Davidoff cool water for men",
        "category": "Perfumes",
        "price": 4500.0,
        "description": "One of the coolest and best perfume for men.",
        "manufacturer": "Davidoff",
        "availableItems": 33,
        "imageUrl": "https://m.media-amazon.com/images/I/717F397ZGuL._AC_UF894,1000_QL80_.jpg"
    },
    {
        "id": "6717d9fe9dd1e672635e7e7d",
        "name": "Vole Jeans",
        "category": "Pants",
        "price": 1299.0,
        "description": "Eco-friendly denim that looks good and feels even better.",
        "manufacturer": "Vole",
        "availableItems": 24,
        "imageUrl": "https://encrypted-tbn0.gstatic.com/images?q=tbn:ANd9GcRhORL6VMsPiDXskXHImcD7XL1e1F_h7ThmZw&s"
    },
    {
        "id": "671909c6162b5a7ded803011",
        "name": "Running Shoes For Men",
        "category": "Shoes",
        "price": 899.0,
        "description": "Flaunt with these stylish and unique forest green g.yellow sports shoes as per the latest fashion trend from the house of Sparx. Super comfortable sports shoes with Mesh as upper material and EVA & TPR as sole material.",
        "manufacturer": "Sparx",
        "availableItems": 134,
        "imageUrl": "https://t3.ftcdn.net/jpg/06/12/00/18/360_F_612001823_TkzT0xmIgagoDCyQ0yuJYEGu8j6VNVYT.jpg"
    }
]